{
  "timestamp": "2025-08-23 07:11:40",
  "models": {
    "mlp_available": false,
    "ctc_available": true
  },
  "characteristics": {
    "mlp": {},
    "ctc": {
      "type": "CTC + LSTM (PyTorch)",
      "parameters": 1325094,
      "input_dim": 768,
      "hidden_dim": 256,
      "num_classes": 37
    },
    "comparison": {}
  },
  "performance": {
    "mlp": {
      "times": [],
      "avg_time": 0,
      "throughput": 0
    },
    "ctc": {
      "times": [
        0.0026004760002251714,
        0.0006388670008163899,
        0.00039100598951335996,
        0.00034940100158564746,
        0.0003673650062410161,
        0.00034114600566681474,
        0.00037694799539167434,
        0.0003454469988355413,
        0.00036145199555903673,
        0.0003364949952811003,
        0.00034939299803227186,
        0.00033506000181660056,
        0.00031840700830798596,
        0.0003379170084372163,
        0.0003132630081381649,
        0.0003150910051772371,
        0.0003464470064500347,
        0.0003171900025336072,
        0.000374811002984643,
        0.00032259499130304903,
        0.0003149190015392378,
        0.0003613749868236482,
        0.0003542179911164567,
        0.000405227008741349,
        0.0003889579966198653,
        0.0003685240080812946,
        0.0005041240074206144,
        0.000568159986869432,
        0.0005078319954918697,
        0.0006755859940312803,
        0.0005401040107244626,
        0.0005901910044485703,
        0.00041229400085285306,
        0.0003637059999164194,
        0.00037556199822574854,
        0.00039557399577461183,
        0.00035868800478056073,
        0.0003483079926809296,
        0.0003899729927070439,
        0.0004599270032485947,
        0.000361750993761234,
        0.00038061299710534513,
        0.00036517099943012,
        0.00035641998692881316,
        0.00034245500864926726,
        0.000444290999439545,
        0.00034595098986756057,
        0.00035546299477573484,
        0.0003558589960448444,
        0.0003478829894447699
      ],
      "avg_time": 0.0004355576791567728,
      "throughput": 2295.907173387395,
      "std_time": 0.00032015364901111687
    },
    "comparison": {}
  },
  "recommendations": {
    "available": "Only CTC model available - train MLP for comparison"
  }
}